{"stats":{"minecraft:dropped":{"minecraft:dirt":52,"minecraft:moss_block":19,"minecraft:oak_log":4,"minecraft:cobblestone":25,"minecraft:oak_planks":115,"minecraft:mud":17,"minecraft:wooden_pickaxe":1},"minecraft:picked_up":{"minecraft:mud":17,"minecraft:stick":2,"minecraft:torch":1,"minecraft:oak_log":22,"minecraft:spruce_sapling":1,"minecraft:dirt":62,"minecraft:apple":1,"minecraft:oak_sapling":2,"minecraft:moss_block":21,"minecraft:oak_planks":59,"minecraft:cobblestone":52},"minecraft:killed_by":{"minecraft:player":17},"minecraft:used":{"minecraft:moss_block":2,"minecraft:wooden_axe":59,"minecraft:stone_shovel":33,"minecraft:stone_pickaxe":19,"minecraft:oak_planks":2,"minecraft:wooden_pickaxe":34,"minecraft:stone_axe":34,"minecraft:torch":1,"minecraft:dirt":10,"minecraft:cobblestone":16,"minecraft:crafting_table":1,"minecraft:oak_sapling":1},"minecraft:crafted":{"minecraft:oak_planks":72,"minecraft:stone_shovel":1,"minecraft:crafting_table":1,"minecraft:stick":8,"minecraft:stone_pickaxe":1,"minecraft:wooden_pickaxe":1,"minecraft:wooden_axe":1,"minecraft:stone_axe":1},"minecraft:broken":{"minecraft:wooden_axe":1},"minecraft:killed":{"bwrtherain:spider_skull":1,"minecraft:villager":1},"minecraft:mined":{"minecraft:oak_sapling":1,"minecraft:mud":20,"minecraft:torch":3,"minecraft:grass_block":121,"minecraft:oak_log":45,"minecraft:dirt":31,"minecraft:cobblestone":1,"minecraft:spruce_leaves":18,"minecraft:stone":38,"minecraft:oak_planks":1,"minecraft:moss_block":57,"minecraft:oak_leaves":19},"minecraft:custom":{"minecraft:time_since_rest":1632,"minecraft:sprint_one_cm":16857,"minecraft:interact_with_furnace":3,"minecraft:damage_taken":5332,"minecraft:walk_one_cm":26925,"minecraft:mob_kills":3,"minecraft:drop":18,"minecraft:damage_dealt":1864,"minecraft:talked_to_villager":8,"minecraft:interact_with_crafting_table":6,"minecraft:fly_one_cm":45437,"minecraft:player_kills":11,"minecraft:crouch_one_cm":10216,"minecraft:play_time":32147,"minecraft:deaths":21,"minecraft:sneak_time":6869,"minecraft:jump":268,"minecraft:leave_game":1,"minecraft:time_since_death":1594,"minecraft:total_world_time":32147,"minecraft:fall_one_cm":2775}},"DataVersion":3120}