{"stats":{"minecraft:dropped":{"man:cassette_1safetyinstructions":1},"minecraft:picked_up":{"minecraft:mud":38,"minecraft:stick":2,"minecraft:wooden_pickaxe":1,"minecraft:torch":3,"minecraft:oak_log":52,"minecraft:dirt":202,"man:cassette_1safetyinstructions":1,"minecraft:oak_sapling":2,"minecraft:moss_block":88,"minecraft:oak_planks":60,"minecraft:cobblestone":41},"minecraft:killed_by":{"minecraft:player":11,"minecraft:creeper":1},"minecraft:used":{"minecraft:moss_block":24,"minecraft:mud":38,"minecraft:stone_pickaxe":41,"minecraft:oak_planks":88,"minecraft:stone_axe":58,"minecraft:torch":7,"minecraft:dirt":65,"minecraft:cobblestone":35,"minecraft:furnace":1,"minecraft:oak_sapling":2},"minecraft:crafted":{"minecraft:oak_planks":32,"minecraft:charcoal":17,"minecraft:cobblestone":8,"minecraft:stick":8,"minecraft:stone_pickaxe":1,"minecraft:furnace":1,"minecraft:torch":4,"minecraft:stone_axe":1,"minecraft:air":0},"minecraft:mined":{"minecraft:oak_sapling":1,"minecraft:mud":18,"minecraft:torch":1,"minecraft:grass_block":86,"minecraft:oak_log":26,"minecraft:dirt":11,"minecraft:cobblestone":3,"minecraft:spruce_leaves":14,"minecraft:stone":28,"minecraft:oak_planks":6,"minecraft:moss_block":37,"minecraft:oak_leaves":21},"minecraft:custom":{"minecraft:time_since_rest":4884,"minecraft:interact_with_furnace":5,"minecraft:sprint_one_cm":26214,"minecraft:damage_taken":5833,"minecraft:walk_one_cm":43353,"minecraft:drop":1,"minecraft:damage_dealt":2788,"minecraft:talked_to_villager":14,"minecraft:interact_with_crafting_table":4,"minecraft:fly_one_cm":91549,"minecraft:player_kills":17,"minecraft:crouch_one_cm":48176,"minecraft:play_time":72241,"minecraft:deaths":23,"minecraft:sneak_time":15937,"minecraft:jump":454,"minecraft:leave_game":9,"minecraft:time_since_death":4861,"minecraft:total_world_time":72241,"minecraft:fall_one_cm":4715}},"DataVersion":3120}