{"stats":{"minecraft:used":{"minecraft:dirt":3,"minecraft:wooden_shovel":1},"minecraft:dropped":{"man:cassette_1safetyinstructions":50},"minecraft:mined":{"minecraft:grass_block":1,"minecraft:dirt":2},"minecraft:picked_up":{"man:cassette_1safetyinstructions":49,"minecraft:wooden_shovel":5,"minecraft:dirt":3},"minecraft:custom":{"minecraft:jump":16,"minecraft:time_since_rest":367,"minecraft:crouch_one_cm":1749,"minecraft:deaths":11,"minecraft:play_time":8587,"minecraft:damage_taken":2640,"minecraft:time_since_death":337,"minecraft:walk_one_cm":855,"minecraft:sneak_time":1046,"minecraft:total_world_time":8587,"minecraft:drop":50}},"DataVersion":3120}