{"stats":{"minecraft:picked_up":{"minecraft:dirt":2,"bwrtherain:spider_skull_spawn_egg":3},"minecraft:dropped":{"bwrtherain:spider_skull_spawn_egg":3},"minecraft:used":{"man:cassetteplayer":1,"midnightlurker:midnight_lurker_runaway_spawn_egg":2,"midnightlurker:midnight_lurker_shapeshifter_spawn_egg":2,"bwrtherain:rosemary_spawn_egg":1,"man:manfromthefog_spawn_egg":1,"bwrtherain:valem_spawn_egg":1,"minecraft:dirt":2,"create:acacia_window":24,"the_one_who_watches:toww_hallucination_spawn_egg":1,"bwrtherain:spider_skull_spawn_egg":2,"the_one_who_watches:toww_delusion_spawn_egg":3,"midnightlurker:midnight_lurker_aggressive_spawn_egg":1,"man:manfromthefogback_spawn_egg":2,"the_one_who_watches:toww_stalking_spawn_egg":3,"bwrtherain:vapor_spawn_egg":1,"jacky:jacky_spawn_egg":1},"minecraft:mined":{"minecraft:grass_block":1,"minecraft:dirt":1},"minecraft:custom":{"minecraft:time_since_rest":1510,"minecraft:deaths":6,"minecraft:crouch_one_cm":594,"minecraft:walk_one_cm":5648,"minecraft:sprint_one_cm":92,"minecraft:play_time":31277,"minecraft:damage_taken":1440,"minecraft:sneak_time":506,"minecraft:drop":3,"minecraft:jump":33,"minecraft:damage_dealt":10,"minecraft:leave_game":6,"minecraft:time_since_death":1479,"minecraft:total_world_time":31277,"minecraft:fly_one_cm":14346}},"DataVersion":3120}