{"stats":{"minecraft:dropped":{"bwrtherain:spider_skull_spawn_egg":3},"minecraft:picked_up":{"bwrtherain:spider_skull_spawn_egg":3},"minecraft:used":{"man:cassetteplayer":1,"midnightlurker:midnight_lurker_shapeshifter_spawn_egg":2,"bwrtherain:rosemary_spawn_egg":1,"man:manfromthefog_spawn_egg":1,"bwrtherain:valem_spawn_egg":1,"midnightlurker:midnight_lurker_runaway_spawn_egg":2,"create:acacia_window":24,"the_one_who_watches:toww_hallucination_spawn_egg":1,"bwrtherain:spider_skull_spawn_egg":2,"the_one_who_watches:toww_delusion_spawn_egg":3,"midnightlurker:midnight_lurker_aggressive_spawn_egg":1,"man:manfromthefogback_spawn_egg":2,"the_one_who_watches:toww_stalking_spawn_egg":3,"bwrtherain:vapor_spawn_egg":1,"jacky:jacky_spawn_egg":1},"minecraft:custom":{"minecraft:time_since_rest":3623,"minecraft:crouch_one_cm":506,"minecraft:sneak_time":178,"minecraft:sprint_one_cm":92,"minecraft:deaths":5,"minecraft:damage_taken":1200,"minecraft:play_time":27435,"minecraft:walk_one_cm":5126,"minecraft:drop":3,"minecraft:jump":19,"minecraft:damage_dealt":10,"minecraft:leave_game":5,"minecraft:time_since_death":3592,"minecraft:total_world_time":27435,"minecraft:fly_one_cm":14346}},"DataVersion":3120}