{"stats":{"minecraft:used":{"minecraft:stone_axe":4,"minecraft:dirt":36,"minecraft:crafting_table":1,"minecraft:stone_shovel":36},"minecraft:mined":{"minecraft:grass_block":75,"minecraft:oak_log":21,"minecraft:moss_block":22},"minecraft:picked_up":{"minecraft:oak_log":19,"minecraft:moss_block":22,"minecraft:dirt":64},"minecraft:custom":{"minecraft:time_since_rest":15205,"minecraft:walk_one_cm":2873,"minecraft:crouch_one_cm":7856,"minecraft:play_time":16313,"minecraft:sprint_one_cm":2640,"minecraft:damage_taken":240,"minecraft:deaths":1,"minecraft:sneak_time":4019,"minecraft:mob_kills":1,"minecraft:jump":29,"minecraft:damage_dealt":10,"minecraft:leave_game":1,"minecraft:time_since_death":15175,"minecraft:total_world_time":16313,"minecraft:interact_with_crafting_table":9,"minecraft:fly_one_cm":21191},"minecraft:crafted":{"minecraft:oak_planks":8,"minecraft:stone_shovel":2,"minecraft:cobblestone":6,"minecraft:stone_axe":1,"minecraft:crafting_table":1,"minecraft:stick":8}},"DataVersion":3120}