{
  "create:recipes/create.palettes/acacia_window_pane": {
    "criteria": {
      "has_ingredient": "2024-05-19 01:34:52 +0000"
    },
    "done": true
  },
  "create:root": {
    "criteria": {
      "0": "2024-05-19 01:25:12 +0000"
    },
    "done": true
  },
  "minecraft:adventure/adventuring_time": {
    "criteria": {
      "minecraft:plains": "2024-05-19 01:25:13 +0000"
    },
    "done": false
  },
  "gamerz_riot:root": {
    "criteria": {
      "tick": "2024-05-19 01:25:12 +0000"
    },
    "done": true
  },
  "DataVersion": 3120
}